plan_id,invoice_id,customer_id,customer_name,start_date,end_date,original_amount,installments,installment_amount,installments_paid,remaining_balance,status,created_by,handler_id,next_installment_date,last_payment_date
PLAN000001,INV0000043,CUST000005,HDFC Tech Limited,2025-04-09,2025-06-09,152714.98,2,76357.49,0,152714.98,Active,Anil Mishra,REP000025,2025-05-09,
PLAN000002,INV0000051,CUST000006,Wipro Tech Limited,2025-04-12,2025-06-12,419812.25,2,209906.13,0,419812.25,Active,Priya Mishra,REP000031,2025-05-12,
PLAN000003,INV0000084,CUST000009,Adani Tech Limited,2025-02-18,2025-04-18,486896.87,2,243448.43,1,243448.44,Active,Ashok Gupta,REP000010,2025-04-18,2025-02-26
PLAN000004,INV0000105,CUST000011,Godrej Tech Limited,2025-01-09,2025-03-09,498944.89,2,249472.45,2,-0.01,Completed,Ashok Gupta,REP000010,,2025-02-01
PLAN000005,INV0000125,CUST000013,ICICI Tech Limited,2024-12-13,2025-05-13,501129.91,5,100225.98,4,100225.99,Active,Sanjay Joshi,REP000047,2025-05-13,2024-12-15
PLAN000007,INV0000134,CUST000014,SBI Tech Limited,2024-11-18,2025-02-18,892116.10,3,297372.03,3,0.01,Completed,Anil Gupta,REP000005,,2024-12-08
PLAN000008,INV0000152,CUST000016,Bajaj Tech Limited,2025-01-31,2025-05-01,60973.92,3,20324.64,2,20324.64,Active,Rakesh Mishra,REP000028,2025-05-01,2025-04-01
PLAN000009,INV0000154,CUST000016,Bajaj Tech Limited,2025-02-22,2025-05-22,72149.18,3,24049.73,1,48099.45,Active,Rahul Gupta,REP000006,2025-04-22,2025-03-26
PLAN000011,INV0000164,CUST000017,HCL Tech Limited,2024-12-28,2025-03-28,75148.28,3,25049.43,0,75148.28,Defaulted,Rani Gupta,REP000014,,
PLAN000012,INV0000176,CUST000018,Hindustan Tech Limited,2025-02-24,2025-04-24,57918.59,2,28959.29,1,28959.30,Active,Rahul Mishra,REP000026,2025-04-24,2025-03-20
PLAN000014,INV0000184,CUST000019,Indian Tech Limited,2024-12-02,2025-02-02,64886.56,2,32443.28,2,0.00,Completed,Raj Mishra,REP000021,,2025-02-16
PLAN000015,INV0000206,CUST000021,Tata Info Limited,2024-11-26,2025-02-26,98095.36,3,32698.45,3,0.01,Completed,Vijay Mishra,REP000023,,2024-12-14
PLAN000016,INV0000213,CUST000022,Reliance Info Limited,2025-04-04,2025-06-04,85114.76,2,42557.38,0,85114.76,Active,Sunil Joshi,REP000044,2025-05-04,
PLAN000017,INV0000221,CUST000023,Infosys Info Limited,2025-01-08,2025-04-08,66045.18,3,22015.06,3,-0.00,Completed,Kavita Mishra,REP000038,,2025-01-08
PLAN000018,INV0000222,CUST000023,Infosys Info Limited,2025-03-19,2025-06-19,36458.20,3,12152.73,0,36458.20,Active,Raj Gupta,REP000001,2025-04-18,
PLAN000019,INV0000231,CUST000024,Bharti Info Limited,2025-01-30,2025-03-30,395153.51,2,197576.76,2,-0.01,Completed,Raj Mishra,REP000021,,2025-03-26
PLAN000020,INV0000246,CUST000025,HDFC Info Limited,2024-12-15,2025-03-15,72891.66,3,24297.22,3,0.00,Completed,Kavita Mishra,REP000038,,2025-02-12
PLAN000021,INV0000342,CUST000035,TCS Info Limited,2025-01-14,2025-05-14,549676.16,4,137419.04,3,137419.04,Active,Raj Mishra,REP000021,2025-05-14,2025-04-13
PLAN000022,INV0000354,CUST000036,Bajaj Info Limited,2025-04-12,2025-10-12,1605018.79,6,267503.13,0,1605018.79,Active,Shalini Gupta,REP000019,2025-05-12,
PLAN000023,INV0000361,CUST000037,HCL Info Limited,2025-02-18,2025-05-18,247417.83,3,82472.61,0,247417.83,Canceled,Sanjay Gupta,REP000007,,
PLAN000024,INV0000374,CUST000038,Hindustan Info Limited,2025-03-04,2025-06-04,743535.18,3,247845.06,1,495690.12,Active,Rakesh Gupta,REP000008,2025-05-04,2025-03-23
PLAN000025,INV0000405,CUST000041,Tata Auto Limited,2025-02-03,2025-05-03,87090.74,3,29030.25,2,29030.24,Active,Raj Gupta,REP000001,2025-05-03,2025-02-22
PLAN000026,INV0000432,CUST000044,Bharti Auto Limited,2025-01-04,2025-07-04,2373429.99,6,395571.67,3,1186714.98,Active,Sunita Mishra,REP000035,2025-05-04,2025-03-23
PLAN000027,INV0000435,CUST000044,Bharti Auto Limited,2025-02-18,2025-07-18,2867312.70,5,573462.54,1,2293850.16,Active,Shalini Mishra,REP000039,2025-04-19,2025-03-08
PLAN000028,INV0000442,CUST000045,HDFC Auto Limited,2025-03-26,2025-06-26,182842.58,3,60947.53,0,182842.58,Active,Ashok Gupta,REP000010,2025-04-25,
PLAN000029,INV0000472,CUST000048,Birla Auto Limited,2025-02-17,2025-04-17,327329.88,2,163664.94,2,0.00,Completed,Meena Mishra,REP000037,,2025-03-25
PLAN000030,INV0000482,CUST000049,Adani Auto Limited,2025-02-07,2025-04-07,94802.32,2,47401.16,0,94802.32,Defaulted,Kavita Mishra,REP000038,,
PLAN000031,INV0000523,CUST000053,ICICI Auto Limited,2024-12-20,2025-02-20,465102.67,2,232551.33,2,0.01,Completed,Kavita Mishra,REP000038,,2025-01-01
PLAN000032,INV0000527,CUST000053,ICICI Auto Limited,2025-03-02,2025-05-02,77713.24,2,38856.62,1,38856.62,Active,Neha Gupta,REP000012,2025-05-02,2025-03-15
PLAN000033,INV0000535,CUST000054,SBI Auto Limited,2025-02-21,2025-04-21,73439.87,2,36719.93,1,36719.94,Active,Sunil Gupta,REP000004,2025-04-21,2025-03-18
PLAN000034,INV0000562,CUST000057,HCL Auto Limited,2025-03-13,2025-05-13,22456.86,2,11228.43,1,11228.43,Active,Vijay Mishra,REP000023,2025-05-13,2025-03-19
PLAN000035,INV0000632,CUST000064,Bharti Fin Limited,2025-03-02,2025-05-02,92400.18,2,46200.09,1,46200.09,Active,Sunil Joshi,REP000044,2025-05-02,2025-04-16
PLAN000036,INV0000705,CUST000071,Godrej Fin Limited,2025-01-04,2025-04-04,73926.98,3,24642.33,3,-0.01,Completed,Pooja Mishra,REP000033,,2025-04-07
PLAN000037,INV0000773,CUST000078,Hindustan Fin Limited,2024-11-22,2025-06-22,1482816.89,7,211830.98,4,635492.97,Active,Geeta Mishra,REP000040,2025-04-22,2025-02-16
PLAN000038,INV0000834,CUST000084,Bharti Power Limited,2025-04-17,2025-07-17,235688.33,3,78562.78,0,235688.33,Canceled,Rajesh Mishra,REP000029,,
PLAN000039,INV0000872,CUST000088,Birla Power Limited,2025-03-09,2025-08-09,1884984.57,5,376996.91,1,1507987.66,Active,Rani Mishra,REP000034,2025-05-09,2025-03-21
PLAN000040,INV0000941,CUST000095,TCS Power Limited,2025-02-10,2025-05-10,398839.16,3,132946.39,2,132946.38,Active,Pooja Gupta,REP000013,2025-05-10,2025-03-17
PLAN000041,INV0000945,CUST000095,TCS Power Limited,2025-04-17,2025-07-17,186695.65,3,62231.88,0,186695.65,Active,Anita Mishra,REP000036,2025-05-17,
PLAN000042,INV0000981,CUST000099,Indian Power Limited,2025-01-26,2025-04-26,39332.26,3,13110.75,2,13110.76,Active,Sunil Gupta,REP000004,2025-04-26,2025-02-17
PLAN000043,INV0000983,CUST000099,Indian Power Limited,2025-04-03,2025-07-03,97786.15,3,32595.38,0,97786.15,Active,Rakesh Joshi,REP000048,2025-05-03,
PLAN000044,INV0000993,CUST000100,Tech Power Limited,2025-04-17,2025-09-17,2067143.28,5,413428.66,0,2067143.28,Active,Sunil Mishra,REP000024,2025-05-17,
PLAN000045,INV0001001,CUST000101,Tata Steel Limited,2024-12-17,2025-02-17,222674.58,2,111337.29,2,0.00,Completed,Amit Mishra,REP000022,,2025-02-15
PLAN000046,INV0001094,CUST000110,JSW Steel Limited,2025-01-06,2025-03-06,106557.47,2,53278.74,2,-0.01,Completed,Shalini Gupta,REP000019,,2025-03-29
PLAN000047,INV0001131,CUST000114,SBI Steel Limited,2025-02-05,2025-05-05,82397.75,3,27465.92,2,27465.91,Active,Kavita Gupta,REP000018,2025-05-05,2025-04-08
PLAN000048,INV0001147,CUST000115,TCS Steel Limited,2025-02-20,2025-05-20,186875.15,3,62291.72,1,124583.43,Active,Rakesh Joshi,REP000048,2025-04-20,2025-04-07
PLAN000049,INV0001162,CUST000117,HCL Steel Limited,2025-03-08,2025-05-08,17442.21,2,8721.10,0,17442.21,Canceled,Sunil Joshi,REP000044,,
PLAN000050,INV0001242,CUST000125,HDFC Textiles Limited,2025-03-06,2025-09-06,1646287.20,6,274381.20,1,1371906.00,Active,Sunil Gupta,REP000004,2025-05-06,2025-04-06
PLAN000051,INV0001263,CUST000127,Mahindra Textiles Limited,2025-02-08,2025-05-08,172408.65,3,57469.55,2,57469.55,Active,Rakesh Joshi,REP000048,2025-05-08,2025-03-19
PLAN000052,INV0001278,CUST000128,Birla Textiles Limited,2025-03-12,2025-05-12,439125.51,2,219562.76,1,219562.75,Active,Ashok Joshi,REP000050,2025-05-12,2025-03-16
PLAN000053,INV0001293,CUST000130,JSW Textiles Limited,2024-12-27,2025-02-27,16083.72,2,8041.86,2,0.00,Completed,Amit Gupta,REP000002,,2025-04-10
PLAN000054,INV0001301,CUST000131,Godrej Textiles Limited,2025-03-07,2025-05-07,85549.81,2,42774.90,1,42774.91,Active,Ashok Mishra,REP000030,2025-05-07,2025-04-05
PLAN000056,INV0001316,CUST000132,L&T Textiles Limited,2025-04-17,2025-06-17,14057.98,2,7028.99,0,14057.98,Active,Meena Mishra,REP000037,2025-05-17,
PLAN000057,INV0001341,CUST000135,TCS Textiles Limited,2025-01-02,2025-04-02,38399.77,3,12799.92,0,38399.77,Defaulted,Pooja Mishra,REP000033,,
PLAN000058,INV0001352,CUST000136,Bajaj Textiles Limited,2025-01-20,2025-03-20,130466.73,2,65233.36,2,0.01,Completed,Rahul Joshi,REP000046,,2025-04-03
PLAN000059,INV0001355,CUST000136,Bajaj Textiles Limited,2024-12-21,2025-03-21,556007.85,3,185335.95,0,556007.85,Defaulted,Ashok Gupta,REP000010,,
PLAN000060,INV0001413,CUST000142,Reliance Pharma Limited,2024-12-14,2025-03-14,81839.59,3,27279.86,3,0.01,Completed,Sunil Mishra,REP000024,,2025-01-03
PLAN000061,INV0001422,CUST000143,Infosys Pharma Limited,2025-04-17,2025-07-17,555826.13,3,185275.38,0,555826.13,Active,Kavita Gupta,REP000018,2025-05-17,
PLAN000062,INV0001432,CUST000144,Bharti Pharma Limited,2025-02-18,2025-05-18,105261.00,3,35087.00,1,70174.00,Active,Vijay Gupta,REP000003,2025-04-18,2025-02-27
PLAN000063,INV0001452,CUST000146,Wipro Pharma Limited,2025-01-29,2025-04-29,58611.99,3,19537.33,2,19537.33,Active,Rakesh Mishra,REP000028,2025-04-29,2025-04-12
PLAN000064,INV0001456,CUST000146,Wipro Pharma Limited,2025-04-08,2025-07-08,61810.24,3,20603.41,0,61810.24,Active,Priya Gupta,REP000011,2025-05-08,
PLAN000065,INV0001492,CUST000150,JSW Pharma Limited,2024-12-04,2025-03-04,65664.26,3,21888.09,0,65664.26,Defaulted,Pooja Gupta,REP000013,,
PLAN000066,INV0001506,CUST000151,Godrej Pharma Limited,2024-12-14,2025-03-14,273784.52,3,91261.51,3,-0.01,Completed,Sunil Joshi,REP000044,,2024-12-27
PLAN000067,INV0001515,CUST000152,L&T Pharma Limited,2024-11-13,2025-01-13,229245.03,2,114622.51,0,229245.03,Defaulted,Pooja Gupta,REP000013,,
PLAN000068,INV0001522,CUST000153,ICICI Pharma Limited,2025-01-17,2025-03-17,106699.70,2,53349.85,2,0.00,Completed,Anita Gupta,REP000016,,2025-01-17
PLAN000070,INV0001565,CUST000157,HCL Pharma Limited,2025-04-09,2025-07-09,12098.71,3,4032.90,0,12098.71,Active,Meena Mishra,REP000037,2025-05-09,
PLAN000071,INV0001571,CUST000158,Hindustan Pharma Limited,2024-12-15,2025-03-15,456186.76,3,152062.25,0,456186.76,Defaulted,Rakesh Gupta,REP000008,,
PLAN000072,INV0001592,CUST000160,Tech Pharma Limited,2025-01-15,2025-03-15,173312.10,2,86656.05,2,0.00,Completed,Rahul Joshi,REP000046,,2025-02-22
PLAN000073,INV0001593,CUST000160,Tech Pharma Limited,2025-01-22,2025-04-22,383992.47,3,127997.49,2,127997.49,Active,Sunita Mishra,REP000035,2025-04-22,2025-03-20
PLAN000074,INV0001642,CUST000165,HDFC Healthcare Limited,2025-01-10,2025-03-10,386797.30,2,193398.65,2,0.00,Completed,Anil Mishra,REP000025,,2025-04-14
PLAN000075,INV0001647,CUST000165,HDFC Healthcare Limited,2025-01-22,2025-04-22,359862.87,3,119954.29,2,119954.29,Active,Kavita Mishra,REP000038,2025-04-22,2025-04-06
PLAN000076,INV0001655,CUST000166,Wipro Healthcare Limited,2024-12-27,2025-03-27,836564.09,3,278854.70,3,-0.01,Completed,Ashok Gupta,REP000010,,2025-02-01
PLAN000077,INV0001661,CUST000167,Mahindra Healthcare Limited,2025-01-27,2025-04-27,19894.57,3,6631.52,0,19894.57,Canceled,Rahul Joshi,REP000046,,
PLAN000078,INV0001663,CUST000167,Mahindra Healthcare Limited,2025-03-27,2025-05-27,113315.03,2,56657.51,0,113315.03,Active,Rani Mishra,REP000034,2025-04-26,
PLAN000079,INV0001703,CUST000171,Godrej Healthcare Limited,2025-03-22,2025-07-22,579436.73,4,144859.18,0,579436.73,Canceled,Amit Joshi,REP000042,,
PLAN000080,INV0001741,CUST000175,TCS Healthcare Limited,2025-04-04,2025-07-04,458079.22,3,152693.07,0,458079.22,Active,Rahul Joshi,REP000046,2025-05-04,
PLAN000081,INV0001743,CUST000175,TCS Healthcare Limited,2025-03-18,2025-06-18,308353.65,3,102784.55,1,205569.10,Active,Kavita Mishra,REP000038,2025-05-18,2025-04-17
PLAN000082,INV0001762,CUST000177,HCL Healthcare Limited,2025-01-30,2025-04-30,417387.30,3,139129.10,2,139129.10,Active,Anil Gupta,REP000005,2025-04-30,2025-02-09
PLAN000083,INV0001763,CUST000177,HCL Healthcare Limited,2025-01-07,2025-04-07,568412.81,3,189470.94,3,-0.01,Completed,Ashok Joshi,REP000050,,2025-03-26
PLAN000084,INV0001775,CUST000178,Hindustan Healthcare Limited,2025-04-07,2025-07-07,74203.14,3,24734.38,0,74203.14,Active,Vijay Gupta,REP000003,2025-05-07,
PLAN000085,INV0001796,CUST000180,Tech Healthcare Limited,2024-12-22,2025-03-22,709026.77,3,236342.26,0,709026.77,Defaulted,Meena Gupta,REP000017,,
PLAN000086,INV0001803,CUST000181,Tata Retail Limited,2025-03-18,2025-06-18,479340.00,3,159780.00,0,479340.00,Canceled,Rakesh Mishra,REP000028,,
PLAN000087,INV0001833,CUST000184,Bharti Retail Limited,2025-04-14,2025-06-14,54358.54,2,27179.27,0,54358.54,Active,Rakesh Gupta,REP000008,2025-05-14,
PLAN000088,INV0001834,CUST000184,Bharti Retail Limited,2025-04-17,2025-07-17,16755.20,3,5585.07,0,16755.20,Active,Vijay Joshi,REP000043,2025-05-17,
PLAN000089,INV0001842,CUST000185,HDFC Retail Limited,2025-03-01,2025-05-01,294822.93,2,147411.46,1,147411.47,Active,Shalini Mishra,REP000039,2025-05-01,2025-04-16
PLAN000090,INV0001894,CUST000190,JSW Retail Limited,2025-03-25,2025-06-25,489965.93,3,163321.98,0,489965.93,Active,Sunil Mishra,REP000024,2025-04-24,
PLAN000091,INV0001895,CUST000190,JSW Retail Limited,2025-02-14,2025-04-14,389365.76,2,194682.88,2,0.00,Completed,Rahul Gupta,REP000006,,2025-03-30
PLAN000092,INV0001901,CUST000191,Godrej Retail Limited,2025-03-16,2025-06-16,353943.16,3,117981.05,1,235962.11,Active,Priya Gupta,REP000011,2025-05-16,2025-04-05
PLAN000093,INV0001914,CUST000192,L&T Retail Limited,2025-03-03,2025-05-03,117256.68,2,58628.34,1,58628.34,Active,Pooja Gupta,REP000013,2025-05-03,2025-04-12
PLAN000094,INV0001943,CUST000195,TCS Retail Limited,2024-12-24,2025-04-24,1688471.36,4,422117.84,3,422117.84,Active,Ashok Mishra,REP000030,2025-04-24,2025-03-07
PLAN000095,INV0002067,CUST000207,Mahindra Media Limited,2025-01-18,2025-05-18,643092.44,4,160773.11,0,643092.44,Canceled,Amit Mishra,REP000022,,
PLAN000096,INV0002121,CUST000213,ICICI Media Limited,2025-01-14,2025-03-14,37820.66,2,18910.33,2,0.00,Completed,Rahul Joshi,REP000046,,2025-03-28
PLAN000097,INV0002161,CUST000217,HCL Media Limited,2025-01-20,2025-03-20,85153.70,2,42576.85,2,0.00,Completed,Neha Mishra,REP000032,,2025-03-02
PLAN000098,INV0002203,CUST000221,Tata Telecom Limited,2025-04-16,2025-06-16,375480.43,2,187740.21,0,375480.43,Active,Shalini Gupta,REP000019,2025-05-16,
PLAN000100,INV0002227,CUST000223,Infosys Telecom Limited,2024-12-15,2025-02-15,261560.70,2,130780.35,0,261560.70,Defaulted,Sanjay Joshi,REP000047,,
PLAN000101,INV0002234,CUST000224,Bharti Telecom Limited,2025-02-09,2025-04-09,49839.40,2,24919.70,0,49839.40,Defaulted,Sunil Joshi,REP000044,,
PLAN000102,INV0002242,CUST000225,HDFC Telecom Limited,2025-03-07,2025-05-07,435292.69,2,217646.35,1,217646.34,Active,Ashok Gupta,REP000010,2025-05-07,2025-04-14
PLAN000103,INV0002271,CUST000228,Birla Telecom Limited,2025-03-07,2025-06-07,339862.73,3,113287.58,1,226575.15,Active,Anita Gupta,REP000016,2025-05-07,2025-03-26
PLAN000104,INV0002312,CUST000232,L&T Telecom Limited,2025-03-23,2025-06-23,32292.71,3,10764.24,0,32292.71,Active,Sunita Mishra,REP000035,2025-04-22,
PLAN000105,INV0002342,CUST000235,TCS Telecom Limited,2025-02-20,2025-05-20,498927.60,3,166309.20,1,332618.40,Active,Ashok Mishra,REP000030,2025-04-20,2025-02-27
PLAN000106,INV0002345,CUST000235,TCS Telecom Limited,2025-03-11,2025-06-11,203123.32,3,67707.77,1,135415.55,Active,Amit Joshi,REP000042,2025-05-11,2025-03-30
PLAN000107,INV0002361,CUST000237,HCL Telecom Limited,2025-01-23,2025-04-23,321079.30,3,107026.43,2,107026.44,Active,Rani Mishra,REP000034,2025-04-23,2025-03-20
PLAN000108,INV0002381,CUST000239,Indian Telecom Limited,2025-04-07,2025-06-07,489053.48,2,244526.74,0,489053.48,Active,Sanjay Gupta,REP000007,2025-05-07,
PLAN000109,INV0002384,CUST000239,Indian Telecom Limited,2024-12-11,2025-02-11,245045.56,2,122522.78,0,245045.56,Defaulted,Raj Mishra,REP000021,,
PLAN000110,INV0002396,CUST000240,Tech Telecom Limited,2024-12-27,2025-03-27,30574.96,3,10191.65,3,0.01,Completed,Shalini Mishra,REP000039,,2025-02-01
PLAN000111,INV0002443,CUST000245,HDFC Software Limited,2025-03-12,2025-06-12,105415.34,3,35138.45,1,70276.89,Active,Kavita Gupta,REP000018,2025-05-12,2025-04-09
PLAN000112,INV0002522,CUST000253,ICICI Software Limited,2025-04-16,2025-07-16,19889.05,3,6629.68,0,19889.05,Active,Ashok Gupta,REP000010,2025-05-16,
PLAN000113,INV0002525,CUST000253,ICICI Software Limited,2025-02-16,2025-05-16,111008.00,3,37002.67,2,37002.66,Active,Amit Joshi,REP000042,2025-05-16,2025-04-04
PLAN000114,INV0002691,CUST000270,JSW Hardware Limited,2024-12-14,2025-03-14,220649.83,3,73549.94,3,0.01,Completed,Rakesh Gupta,REP000008,,2025-02-14
PLAN000115,INV0002713,CUST000272,L&T Hardware Limited,2025-01-02,2025-04-02,11865.45,3,3955.15,3,0.00,Completed,Vijay Mishra,REP000023,,2025-04-05
PLAN000116,INV0002714,CUST000272,L&T Hardware Limited,2024-12-06,2025-03-06,32267.35,3,10755.78,3,0.01,Completed,Sanjay Joshi,REP000047,,2025-02-02
PLAN000117,INV0002716,CUST000272,L&T Hardware Limited,2025-04-09,2025-07-09,18305.08,3,6101.69,0,18305.08,Active,Shalini Gupta,REP000019,2025-05-09,
PLAN000118,INV0002771,CUST000278,Hindustan Hardware Limited,2025-04-10,2025-07-10,391179.70,3,130393.23,0,391179.70,Active,Anil Gupta,REP000005,2025-05-10,
PLAN000119,INV0002773,CUST000278,Hindustan Hardware Limited,2025-04-16,2025-06-16,334974.91,2,167487.45,0,334974.91,Active,Sunil Mishra,REP000024,2025-05-16,
PLAN000120,INV0002811,CUST000282,Reliance Food Limited,2025-02-21,2025-04-21,86899.64,2,43449.82,1,43449.82,Active,Raj Joshi,REP000041,2025-04-21,2025-03-18
PLAN000121,INV0002821,CUST000283,Infosys Food Limited,2025-03-02,2025-09-02,2202269.77,6,367044.96,1,1835224.81,Active,Raj Gupta,REP000001,2025-05-02,2025-03-07
PLAN000122,INV0002876,CUST000288,Birla Food Limited,2025-04-14,2025-06-14,38682.98,2,19341.49,0,38682.98,Active,Rani Gupta,REP000014,2025-05-14,
PLAN000123,INV0002891,CUST000290,JSW Food Limited,2025-02-17,2025-04-17,80748.42,2,40374.21,2,0.00,Completed,Geeta Mishra,REP000040,,2025-03-22
PLAN000124,INV0002924,CUST000293,ICICI Food Limited,2025-02-24,2025-04-24,227514.20,2,113757.10,0,227514.20,Canceled,Rani Gupta,REP000014,,
PLAN000126,INV0002991,CUST000300,Tech Food Limited,2025-02-26,2025-09-26,1739244.15,7,248463.45,1,1490780.70,Active,Raj Mishra,REP000021,2025-04-27,2025-03-13
PLAN000128,INV0003173,CUST000318,Hindustan Agro Limited,2025-04-17,2025-06-17,15163.54,2,7581.77,0,15163.54,Active,Raj Gupta,REP000001,2025-05-17,
PLAN000129,INV0003194,CUST000320,Tech Agro Limited,2025-04-04,2025-06-04,38921.83,2,19460.92,0,38921.83,Active,Rakesh Gupta,REP000008,2025-05-04,
PLAN000130,INV0003213,CUST000322,Reliance Resources Limited,2024-12-26,2025-03-26,275678.29,3,91892.76,3,0.01,Completed,Geeta Mishra,REP000040,,2025-03-25
PLAN000131,INV0003215,CUST000322,Reliance Resources Limited,2025-02-22,2025-05-22,206924.32,3,68974.77,1,137949.55,Active,Raj Joshi,REP000041,2025-04-22,2025-03-23
PLAN000132,INV0003253,CUST000326,Wipro Resources Limited,2025-01-28,2025-05-28,2518684.08,4,629671.02,2,1259342.04,Active,Rakesh Joshi,REP000048,2025-04-28,2025-02-27
PLAN000133,INV0003254,CUST000326,Wipro Resources Limited,2025-01-27,2025-04-27,895504.72,3,298501.57,2,298501.58,Active,Sunita Mishra,REP000035,2025-04-27,2025-04-14
PLAN000134,INV0003267,CUST000327,Mahindra Resources Limited,2025-04-17,2025-07-17,567042.50,3,189014.17,0,567042.50,Active,Rakesh Mishra,REP000028,2025-05-17,
PLAN000135,INV0003272,CUST000328,Birla Resources Limited,2025-03-24,2025-05-24,444551.29,2,222275.64,0,444551.29,Active,Ashok Joshi,REP000050,2025-04-23,
PLAN000136,INV0003274,CUST000328,Birla Resources Limited,2025-03-31,2025-05-31,128807.45,2,64403.72,0,128807.45,Active,Ashok Gupta,REP000010,2025-04-30,
PLAN000137,INV0003293,CUST000330,JSW Resources Limited,2025-03-11,2025-07-11,1769165.80,4,442291.45,1,1326874.35,Active,Vijay Joshi,REP000043,2025-05-11,2025-04-08
PLAN000138,INV0003302,CUST000331,Godrej Resources Limited,2025-03-15,2025-05-15,218126.06,2,109063.03,1,109063.03,Active,Anita Mishra,REP000036,2025-05-15,2025-03-25
PLAN000139,INV0003313,CUST000332,L&T Resources Limited,2025-03-15,2025-06-15,38249.51,3,12749.84,1,25499.67,Active,Ashok Joshi,REP000050,2025-05-15,2025-04-06
PLAN000140,INV0003331,CUST000334,SBI Resources Limited,2025-02-14,2025-07-14,1475320.06,5,295064.01,2,885192.04,Active,Sanjay Joshi,REP000047,2025-05-15,2025-03-29
PLAN000142,INV0003502,CUST000351,Godrej Chemicals Limited,2025-02-08,2025-04-08,54678.73,2,27339.37,0,54678.73,Defaulted,Rajesh Joshi,REP000049,,
PLAN000144,INV0003541,CUST000355,TCS Chemicals Limited,2025-03-03,2025-06-03,100480.42,3,33493.47,1,66986.95,Active,Raj Gupta,REP000001,2025-05-03,2025-03-26
PLAN000145,INV0003552,CUST000356,Bajaj Chemicals Limited,2025-03-03,2025-08-03,558011.52,5,111602.30,1,446409.22,Active,Anil Gupta,REP000005,2025-05-03,2025-03-28
PLAN000146,INV0003561,CUST000357,HCL Chemicals Limited,2025-03-22,2025-05-22,152314.12,2,76157.06,0,152314.12,Active,Sunil Joshi,REP000044,2025-04-21,
PLAN000147,INV0003584,CUST000359,Indian Chemicals Limited,2025-04-17,2025-09-17,2270146.95,5,454029.39,0,2270146.95,Active,Rani Gupta,REP000014,2025-05-17,
PLAN000148,INV0003675,CUST000368,Birla Logistics Limited,2025-03-27,2025-05-27,168380.31,2,84190.15,0,168380.31,Canceled,Rajesh Gupta,REP000009,,
PLAN000149,INV0003703,CUST000371,Godrej Logistics Limited,2025-03-10,2025-05-10,102211.10,2,51105.55,1,51105.55,Active,Rajesh Gupta,REP000009,2025-05-10,2025-03-19
PLAN000150,INV0003732,CUST000374,SBI Logistics Limited,2025-01-12,2025-06-12,778850.33,5,155770.07,3,311540.12,Active,Amit Joshi,REP000042,2025-05-12,2025-04-15
PLAN000151,INV0003786,CUST000379,Indian Logistics Limited,2025-02-22,2025-04-22,42303.83,2,21151.92,0,42303.83,Canceled,Sunita Mishra,REP000035,,
PLAN000152,INV0003872,CUST000388,Birla Infrastructure Limited,2025-01-21,2025-04-21,60778.34,3,20259.45,2,20259.44,Active,Rani Mishra,REP000034,2025-04-21,2025-03-29
PLAN000153,INV0003895,CUST000390,JSW Infrastructure Limited,2025-03-14,2025-05-14,31853.93,2,15926.97,1,15926.96,Active,Shalini Gupta,REP000019,2025-05-14,2025-04-12
PLAN000154,INV0003912,CUST000392,L&T Infrastructure Limited,2024-12-03,2025-03-03,588891.45,3,196297.15,3,0.00,Completed,Priya Gupta,REP000011,,2025-03-07
PLAN000155,INV0003944,CUST000395,TCS Infrastructure Limited,2024-11-30,2025-03-02,529734.36,3,176578.12,3,0.00,Completed,Rajesh Mishra,REP000029,,2025-01-20
PLAN000156,INV0003955,CUST000396,Bajaj Infrastructure Limited,2025-02-09,2025-04-09,135775.73,2,67887.87,0,135775.73,Defaulted,Rahul Joshi,REP000046,,
PLAN000157,INV0003976,CUST000398,Hindustan Infrastructure Limited,2025-03-18,2025-05-18,90974.64,2,45487.32,1,45487.32,Active,Kavita Mishra,REP000038,2025-05-18,2025-04-13
PLAN000158,INV0003995,CUST000400,Tech Infrastructure Limited,2025-01-20,2025-04-20,68739.79,3,22913.26,2,22913.27,Active,Neha Gupta,REP000012,2025-04-20,2025-03-04
PLAN000161,INV0004118,CUST000412,L&T Tech Enterprises,2025-01-15,2025-04-15,47152.88,3,15717.63,3,-0.01,Completed,Rahul Mishra,REP000026,,2025-01-30
PLAN000162,INV0004122,CUST000413,ICICI Tech Enterprises,2024-12-08,2025-02-08,37622.76,2,18811.38,0,37622.76,Defaulted,Rahul Mishra,REP000026,,
PLAN000163,INV0004124,CUST000413,ICICI Tech Enterprises,2024-12-01,2025-03-01,59076.59,3,19692.20,3,-0.01,Completed,Rajesh Gupta,REP000009,,2025-02-10
PLAN000164,INV0004161,CUST000417,HCL Tech Enterprises,2024-12-12,2025-02-12,270699.20,2,135349.60,2,0.00,Completed,Rajesh Gupta,REP000009,,2025-03-23
PLAN000165,INV0004176,CUST000418,Hindustan Tech Enterprises,2025-04-06,2025-06-06,371846.79,2,185923.39,0,371846.79,Active,Raj Mishra,REP000021,2025-05-06,
PLAN000166,INV0004181,CUST000419,Indian Tech Enterprises,2025-02-10,2025-05-10,453893.22,3,151297.74,2,151297.74,Active,Sanjay Joshi,REP000047,2025-05-10,2025-04-03
PLAN000167,INV0004182,CUST000419,Indian Tech Enterprises,2025-02-18,2025-05-18,300517.26,3,100172.42,1,200344.84,Active,Rakesh Mishra,REP000028,2025-04-18,2025-03-18
PLAN000168,INV0004211,CUST000422,Reliance Info Enterprises,2025-01-07,2025-03-07,51597.87,2,25798.94,2,-0.01,Completed,Sunil Joshi,REP000044,,2025-04-16
PLAN000169,INV0004223,CUST000423,Infosys Info Enterprises,2025-01-18,2025-04-18,341833.36,3,113944.45,2,113944.46,Active,Amit Mishra,REP000022,2025-04-18,2025-01-23
PLAN000170,INV0004253,CUST000426,Wipro Info Enterprises,2025-03-20,2025-06-20,631071.27,3,210357.09,0,631071.27,Active,Rahul Mishra,REP000026,2025-04-19,
PLAN000171,INV0004274,CUST000428,Birla Info Enterprises,2025-01-17,2025-04-17,112109.98,3,37369.99,3,0.01,Completed,Rani Mishra,REP000034,,2025-03-29
PLAN000172,INV0004325,CUST000433,ICICI Info Enterprises,2025-04-12,2025-06-12,78947.69,2,39473.85,0,78947.69,Active,Rakesh Joshi,REP000048,2025-05-12,
PLAN000173,INV0004356,CUST000436,Bajaj Info Enterprises,2024-12-06,2025-06-06,2008896.97,6,334816.16,4,669632.33,Active,Ashok Gupta,REP000010,2025-05-06,2025-03-22
PLAN000174,INV0004372,CUST000438,Hindustan Info Enterprises,2025-03-07,2025-05-07,313281.44,2,156640.72,1,156640.72,Active,Anil Mishra,REP000025,2025-05-07,2025-04-09
PLAN000175,INV0004418,CUST000442,Reliance Auto Enterprises,2024-12-10,2025-03-10,185112.95,3,61704.32,0,185112.95,Defaulted,Sunil Mishra,REP000024,,
PLAN000176,INV0004452,CUST000446,Wipro Auto Enterprises,2025-04-14,2025-06-14,130462.34,2,65231.17,0,130462.34,Active,Rakesh Gupta,REP000008,2025-05-14,
PLAN000177,INV0004461,CUST000447,Mahindra Auto Enterprises,2025-01-12,2025-04-12,405544.32,3,135181.44,0,405544.32,Defaulted,Kavita Mishra,REP000038,,
PLAN000178,INV0004472,CUST000448,Birla Auto Enterprises,2025-03-05,2025-06-05,28245.67,3,9415.22,1,18830.45,Active,Ashok Joshi,REP000050,2025-05-05,2025-04-11
PLAN000179,INV0004503,CUST000451,Godrej Auto Enterprises,2025-03-17,2025-05-17,484875.94,2,242437.97,1,242437.97,Active,Anita Mishra,REP000036,2025-05-17,2025-03-30
PLAN000180,INV0004531,CUST000454,SBI Auto Enterprises,2025-03-02,2025-05-02,262014.19,2,131007.10,1,131007.09,Active,Kavita Gupta,REP000018,2025-05-02,2025-03-02
PLAN000181,INV0004547,CUST000455,TCS Auto Enterprises,2025-01-31,2025-03-31,414667.81,2,207333.90,2,0.01,Completed,Ashok Joshi,REP000050,,2025-02-23
PLAN000182,INV0004551,CUST000456,Bajaj Auto Enterprises,2025-03-28,2025-10-28,1048228.64,7,149746.95,0,1048228.64,Active,Amit Joshi,REP000042,2025-04-27,
PLAN000183,INV0004617,CUST000462,Reliance Fin Enterprises,2025-01-11,2025-03-11,251723.02,2,125861.51,2,0.00,Completed,Ashok Gupta,REP000010,,2025-02-06
PLAN000184,INV0004632,CUST000464,Bharti Fin Enterprises,2025-03-13,2025-06-13,170535.96,3,56845.32,1,113690.64,Active,Anil Mishra,REP000025,2025-05-13,2025-04-11
PLAN000185,INV0004643,CUST000465,HDFC Fin Enterprises,2025-02-12,2025-05-12,110534.08,3,36844.69,2,36844.70,Active,Shalini Gupta,REP000019,2025-05-12,2025-03-11
PLAN000186,INV0004648,CUST000465,HDFC Fin Enterprises,2025-01-28,2025-04-28,419341.48,3,139780.49,2,139780.50,Active,Geeta Mishra,REP000040,2025-04-28,2025-02-09
PLAN000187,INV0004704,CUST000471,Godrej Fin Enterprises,2025-04-03,2025-09-03,1205591.22,5,241118.24,0,1205591.22,Active,Rani Gupta,REP000014,2025-05-03,
PLAN000188,INV0004726,CUST000473,ICICI Fin Enterprises,2025-01-30,2025-04-30,415573.46,3,138524.49,2,138524.48,Active,Rahul Joshi,REP000046,2025-04-30,2025-03-03
PLAN000189,INV0004754,CUST000476,Bajaj Fin Enterprises,2025-03-08,2025-05-08,34540.31,2,17270.15,1,17270.16,Active,Rahul Mishra,REP000026,2025-05-08,2025-03-25
PLAN000190,INV0004772,CUST000478,Hindustan Fin Enterprises,2025-03-29,2025-09-29,1093765.77,6,182294.30,0,1093765.77,Canceled,Raj Mishra,REP000021,,
PLAN000191,INV0004803,CUST000481,Tata Power Enterprises,2025-02-23,2025-05-23,101095.68,3,33698.56,1,67397.12,Active,Anil Joshi,REP000045,2025-04-23,2025-02-24
PLAN000192,INV0004916,CUST000492,L&T Power Enterprises,2025-01-30,2025-05-30,521081.85,4,130270.46,2,260540.93,Active,Rakesh Joshi,REP000048,2025-04-30,2025-02-16
PLAN000193,INV0004944,CUST000495,TCS Power Enterprises,2024-12-26,2025-04-26,536360.86,4,134090.21,3,134090.23,Active,Sanjay Gupta,REP000007,2025-04-26,2025-04-04
PLAN000194,INV0004997,CUST000500,Tech Power Enterprises,2025-04-17,2025-06-17,68450.94,2,34225.47,0,68450.94,Active,Rakesh Gupta,REP000008,2025-05-17,
PLAN000195,INV0005043,CUST000505,HDFC Steel Enterprises,2024-12-07,2025-03-07,356568.88,3,118856.29,3,0.01,Completed,Neha Gupta,REP000012,,2025-02-17
PLAN000196,INV0005047,CUST000505,HDFC Steel Enterprises,2024-12-30,2025-03-30,441804.32,3,147268.11,3,-0.01,Completed,Anil Gupta,REP000005,,2025-04-11
PLAN000197,INV0005054,CUST000506,Wipro Steel Enterprises,2025-04-11,2025-06-11,210628.02,2,105314.01,0,210628.02,Active,Rajesh Joshi,REP000049,2025-05-11,
PLAN000199,INV0005073,CUST000508,Birla Steel Enterprises,2024-12-23,2025-05-23,1563449.53,5,312689.91,3,625379.80,Active,Priya Gupta,REP000011,2025-04-22,2025-04-02
PLAN000200,INV0005083,CUST000509,Adani Steel Enterprises,2025-02-08,2025-05-08,96623.26,3,32207.75,2,32207.76,Active,Anita Mishra,REP000036,2025-05-08,2025-02-21
PLAN000201,INV0005167,CUST000517,HCL Steel Enterprises,2025-03-26,2025-06-26,45347.98,3,15115.99,0,45347.98,Active,Anita Mishra,REP000036,2025-04-25,
PLAN000202,INV0005176,CUST000518,Hindustan Steel Enterprises,2025-02-08,2025-04-08,178968.31,2,89484.15,2,0.01,Completed,Sanjay Gupta,REP000007,,2025-04-07
PLAN000203,INV0005187,CUST000519,Indian Steel Enterprises,2025-01-28,2025-03-28,344589.66,2,172294.83,0,344589.66,Defaulted,Rani Gupta,REP000014,,
PLAN000204,INV0005193,CUST000520,Tech Steel Enterprises,2025-04-10,2025-06-10,108414.29,2,54207.14,0,108414.29,Active,Raj Mishra,REP000021,2025-05-10,
PLAN000205,INV0005212,CUST000522,Reliance Textiles Enterprises,2025-03-07,2025-06-07,151608.44,3,50536.15,0,151608.44,Canceled,Pooja Gupta,REP000013,,
PLAN000206,INV0005223,CUST000523,Infosys Textiles Enterprises,2025-03-16,2025-06-16,435785.24,3,145261.75,1,290523.49,Active,Rajesh Joshi,REP000049,2025-05-16,2025-04-01
PLAN000207,INV0005231,CUST000524,Bharti Textiles Enterprises,2025-01-19,2025-03-19,80592.37,2,40296.18,2,0.01,Completed,Pooja Gupta,REP000013,,2025-02-09
PLAN000208,INV0005273,CUST000528,Birla Textiles Enterprises,2024-12-27,2025-03-27,26225.15,3,8741.72,3,-0.01,Completed,Kavita Gupta,REP000018,,2025-04-08
PLAN000209,INV0005281,CUST000529,Adani Textiles Enterprises,2025-03-05,2025-05-05,282141.75,2,141070.88,0,282141.75,Canceled,Anita Gupta,REP000016,,
PLAN000210,INV0005287,CUST000529,Adani Textiles Enterprises,2025-03-08,2025-06-08,455783.58,3,151927.86,1,303855.72,Active,Shalini Gupta,REP000019,2025-05-08,2025-04-07
PLAN000211,INV0005386,CUST000539,Indian Textiles Enterprises,2025-02-10,2025-05-10,89332.05,3,29777.35,2,29777.35,Active,Sanjay Mishra,REP000027,2025-05-10,2025-03-11
PLAN000212,INV0005392,CUST000540,Tech Textiles Enterprises,2025-03-24,2025-10-24,4635021.06,7,662145.87,0,4635021.06,Active,Ashok Mishra,REP000030,2025-04-23,
PLAN000213,INV0005403,CUST000541,Tata Pharma Enterprises,2025-04-15,2025-09-15,4009714.03,5,801942.81,0,4009714.03,Active,Anita Mishra,REP000036,2025-05-15,
PLAN000214,INV0005471,CUST000548,Birla Pharma Enterprises,2025-04-17,2025-06-17,399414.28,2,199707.14,0,399414.28,Active,Rani Gupta,REP000014,2025-05-17,
PLAN000215,INV0005507,CUST000551,Godrej Pharma Enterprises,2025-03-28,2025-06-28,76924.68,3,25641.56,0,76924.68,Active,Raj Gupta,REP000001,2025-04-27,
PLAN000216,INV0005511,CUST000552,L&T Pharma Enterprises,2025-02-25,2025-06-25,534351.03,4,133587.76,1,400763.27,Active,Anita Gupta,REP000016,2025-04-26,2025-03-26
PLAN000217,INV0005581,CUST000559,Indian Pharma Enterprises,2025-04-07,2025-07-07,61356.15,3,20452.05,0,61356.15,Active,Anita Gupta,REP000016,2025-05-07,
PLAN000218,INV0005594,CUST000560,Tech Pharma Enterprises,2025-03-06,2025-05-06,88096.03,2,44048.01,1,44048.02,Active,Meena Gupta,REP000017,2025-05-06,2025-03-07
PLAN000219,INV0005601,CUST000561,Tata Healthcare Enterprises,2025-03-18,2025-09-18,2294996.82,6,382499.47,1,1912497.35,Active,Anil Joshi,REP000045,2025-05-18,2025-04-08
PLAN000220,INV0005723,CUST000573,ICICI Healthcare Enterprises,2025-02-17,2025-05-17,83922.78,3,27974.26,2,27974.26,Active,Meena Gupta,REP000017,2025-05-17,2025-04-01
PLAN000221,INV0005784,CUST000579,Indian Healthcare Enterprises,2025-04-10,2025-11-10,1479075.26,7,211296.47,0,1479075.26,Active,Sanjay Joshi,REP000047,2025-05-10,
PLAN000222,INV0005791,CUST000580,Tech Healthcare Enterprises,2025-03-12,2025-07-12,676800.79,4,169200.20,1,507600.59,Active,Ashok Mishra,REP000030,2025-05-12,2025-03-31
PLAN000223,INV0005812,CUST000582,Reliance Retail Enterprises,2025-03-10,2025-05-10,48923.59,2,24461.79,1,24461.80,Active,Raj Gupta,REP000001,2025-05-10,2025-03-21
PLAN000224,INV0005855,CUST000586,Wipro Retail Enterprises,2025-02-01,2025-08-01,2120339.16,6,353389.86,2,1413559.44,Active,Rajesh Mishra,REP000029,2025-05-02,2025-03-07
PLAN000225,INV0005864,CUST000587,Mahindra Retail Enterprises,2025-01-17,2025-04-17,60819.89,3,20273.30,3,-0.01,Completed,Geeta Mishra,REP000040,,2025-04-04
PLAN000226,INV0005931,CUST000594,SBI Retail Enterprises,2025-01-19,2025-04-19,82302.39,3,27434.13,2,27434.13,Active,Rahul Gupta,REP000006,2025-04-19,2025-03-03
PLAN000227,INV0005944,CUST000595,TCS Retail Enterprises,2025-03-10,2025-05-10,247402.43,2,123701.21,0,247402.43,Canceled,Geeta Mishra,REP000040,,
PLAN000228,INV0005952,CUST000596,Bajaj Retail Enterprises,2025-01-12,2025-03-12,33725.53,2,16862.76,2,0.01,Completed,Shalini Gupta,REP000019,,2025-03-06
PLAN000229,INV0005993,CUST000600,Tech Retail Enterprises,2025-03-27,2025-09-27,1463948.61,6,243991.44,0,1463948.61,Active,Sanjay Joshi,REP000047,2025-04-26,
PLAN000230,INV0006072,CUST000608,Birla Media Enterprises,2025-01-12,2025-03-12,75408.12,2,37704.06,2,0.00,Completed,Rani Gupta,REP000014,,2025-03-22
PLAN000231,INV0006094,CUST000610,JSW Media Enterprises,2025-01-03,2025-04-03,33016.77,3,11005.59,3,-0.00,Completed,Anil Joshi,REP000045,,2025-03-02
PLAN000232,INV0006114,CUST000612,L&T Media Enterprises,2024-12-31,2025-03-31,16335.21,3,5445.07,3,0.00,Completed,Meena Gupta,REP000017,,2025-03-22
PLAN000233,INV0006125,CUST000613,ICICI Media Enterprises,2025-04-17,2025-09-17,1070132.66,5,214026.53,0,1070132.66,Active,Rani Mishra,REP000034,2025-05-17,
PLAN000234,INV0006131,CUST000614,SBI Media Enterprises,2025-01-09,2025-08-09,3887119.58,7,555302.80,3,2221211.18,Active,Sunil Mishra,REP000024,2025-05-10,2025-04-04
PLAN000235,INV0006182,CUST000619,Indian Media Enterprises,2025-03-05,2025-06-05,110099.79,3,36699.93,1,73399.86,Active,Sanjay Gupta,REP000007,2025-05-05,2025-03-28
PLAN000236,INV0006186,CUST000619,Indian Media Enterprises,2025-01-16,2025-03-16,52022.70,2,26011.35,2,0.00,Completed,Rani Mishra,REP000034,,2025-02-22
PLAN000237,INV0006193,CUST000620,Tech Media Enterprises,2025-04-12,2025-07-12,76784.63,3,25594.88,0,76784.63,Active,Priya Gupta,REP000011,2025-05-12,
PLAN000238,INV0006225,CUST000623,Infosys Telecom Enterprises,2025-02-03,2025-07-03,548233.63,5,109646.73,1,438586.90,Canceled,Rahul Mishra,REP000026,,2025-02-06
PLAN000239,INV0006242,CUST000625,HDFC Telecom Enterprises,2025-03-04,2025-06-04,61147.16,3,20382.39,0,61147.16,Canceled,Pooja Gupta,REP000013,,
PLAN000240,INV0006294,CUST000630,JSW Telecom Enterprises,2025-03-04,2025-06-04,71567.83,3,23855.94,1,47711.89,Active,Meena Mishra,REP000037,2025-05-04,2025-03-29
PLAN000241,INV0006301,CUST000631,Godrej Telecom Enterprises,2025-01-06,2025-03-06,96139.89,2,48069.94,2,0.01,Completed,Rakesh Gupta,REP000008,,2025-03-10
PLAN000242,INV0006321,CUST000633,ICICI Telecom Enterprises,2025-03-18,2025-06-18,456186.64,3,152062.21,1,304124.43,Active,Neha Mishra,REP000032,2025-05-18,2025-03-18
PLAN000243,INV0006371,CUST000638,Hindustan Telecom Enterprises,2024-12-23,2025-07-23,2355808.01,7,336544.00,3,1346176.01,Active,Meena Mishra,REP000037,2025-04-23,2025-01-28
PLAN000244,INV0006402,CUST000641,Tata Software Enterprises,2025-04-08,2025-07-08,246080.62,3,82026.87,0,246080.62,Canceled,Amit Gupta,REP000002,,
PLAN000245,INV0006423,CUST000643,Infosys Software Enterprises,2025-03-18,2025-06-18,52193.35,3,17397.78,1,34795.57,Active,Anil Mishra,REP000025,2025-05-18,2025-04-05
PLAN000246,INV0006466,CUST000647,Mahindra Software Enterprises,2025-03-06,2025-06-06,179144.14,3,59714.71,1,119429.43,Active,Rajesh Gupta,REP000009,2025-05-06,2025-03-06
PLAN000247,INV0006554,CUST000656,Bajaj Software Enterprises,2024-12-21,2025-02-21,322601.64,2,161300.82,2,0.00,Completed,Ashok Gupta,REP000010,,2025-02-16
PLAN000248,INV0006636,CUST000664,Bharti Hardware Enterprises,2025-01-06,2025-04-06,449579.28,3,149859.76,3,0.00,Completed,Shalini Mishra,REP000039,,2025-01-21
PLAN000249,INV0006654,CUST000666,Wipro Hardware Enterprises,2025-04-12,2025-07-12,110168.35,3,36722.78,0,110168.35,Active,Shalini Mishra,REP000039,2025-05-12,
PLAN000250,INV0006657,CUST000666,Wipro Hardware Enterprises,2025-02-05,2025-07-05,511971.30,5,102394.26,2,307182.78,Active,Anita Mishra,REP000036,2025-05-06,2025-02-20
PLAN000251,INV0006671,CUST000668,Birla Hardware Enterprises,2025-03-26,2025-08-26,1046661.73,5,209332.35,0,1046661.73,Canceled,Rajesh Gupta,REP000009,,
PLAN000252,INV0006673,CUST000668,Birla Hardware Enterprises,2024-12-19,2025-07-19,1005153.04,7,143593.29,3,574373.17,Active,Pooja Gupta,REP000013,2025-04-19,2025-03-02
PLAN000253,INV0006677,CUST000668,Birla Hardware Enterprises,2024-12-28,2025-04-28,1511532.58,4,377883.15,0,1511532.58,Canceled,Anita Gupta,REP000016,,
PLAN000254,INV0006684,CUST000669,Adani Hardware Enterprises,2025-03-18,2025-06-18,85857.58,3,28619.19,1,57238.39,Active,Rajesh Gupta,REP000009,2025-05-18,2025-03-23
PLAN000255,INV0006712,CUST000672,L&T Hardware Enterprises,2024-12-06,2025-03-06,22836.12,3,7612.04,3,0.00,Completed,Neha Mishra,REP000032,,2024-12-23
PLAN000256,INV0006782,CUST000679,Indian Hardware Enterprises,2025-03-08,2025-06-08,108613.06,3,36204.35,1,72408.71,Active,Ashok Gupta,REP000010,2025-05-08,2025-03-15
PLAN000257,INV0006807,CUST000681,Tata Food Enterprises,2024-12-15,2025-02-15,59802.72,2,29901.36,2,0.00,Completed,Vijay Gupta,REP000003,,2025-01-13
PLAN000258,INV0006808,CUST000681,Tata Food Enterprises,2024-12-21,2025-02-21,13794.58,2,6897.29,2,0.00,Completed,Anita Mishra,REP000036,,2025-04-13
PLAN000259,INV0006811,CUST000682,Reliance Food Enterprises,2024-12-29,2025-03-29,68827.69,3,22942.56,3,0.01,Completed,Rakesh Gupta,REP000008,,2025-02-22
PLAN000260,INV0006814,CUST000682,Reliance Food Enterprises,2025-03-11,2025-06-11,35375.21,3,11791.74,1,23583.47,Active,Anita Mishra,REP000036,2025-05-11,2025-04-16
PLAN000261,INV0006821,CUST000683,Infosys Food Enterprises,2025-04-08,2025-10-08,1292482.81,6,215413.80,0,1292482.81,Active,Pooja Gupta,REP000013,2025-05-08,
PLAN000262,INV0006824,CUST000683,Infosys Food Enterprises,2025-03-02,2025-09-02,2015169.00,6,335861.50,1,1679307.50,Active,Raj Joshi,REP000041,2025-05-02,2025-03-24
PLAN000263,INV0006866,CUST000687,Mahindra Food Enterprises,2025-04-17,2025-07-17,138170.65,3,46056.88,0,138170.65,Active,Shalini Gupta,REP000019,2025-05-17,
PLAN000264,INV0006882,CUST000689,Adani Food Enterprises,2025-02-24,2025-05-24,132879.90,3,44293.30,1,88586.60,Active,Rakesh Gupta,REP000008,2025-04-24,2025-03-01
PLAN000265,INV0006886,CUST000689,Adani Food Enterprises,2025-03-02,2025-06-02,584431.99,3,194810.66,1,389621.33,Active,Shalini Gupta,REP000019,2025-05-02,2025-03-11
PLAN000266,INV0006927,CUST000693,ICICI Food Enterprises,2025-01-14,2025-03-14,479834.64,2,239917.32,2,0.00,Completed,Anil Mishra,REP000025,,2025-02-01
PLAN000267,INV0006952,CUST000696,Bajaj Food Enterprises,2025-02-23,2025-05-23,33396.40,3,11132.13,1,22264.27,Active,Raj Mishra,REP000021,2025-04-23,2025-04-14
PLAN000268,INV0006973,CUST000698,Hindustan Food Enterprises,2024-12-19,2025-03-19,100407.49,3,33469.16,3,0.01,Completed,Rakesh Joshi,REP000048,,2025-01-09
PLAN000269,INV0006974,CUST000698,Hindustan Food Enterprises,2025-01-09,2025-03-09,82311.90,2,41155.95,2,0.00,Completed,Priya Gupta,REP000011,,2025-04-16
PLAN000270,INV0006994,CUST000700,Tech Food Enterprises,2025-02-02,2025-04-02,151000.80,2,75500.40,2,0.00,Completed,Amit Joshi,REP000042,,2025-02-07
PLAN000271,INV0007003,CUST000701,Tata Agro Enterprises,2025-01-26,2025-04-26,19674.73,3,6558.24,2,6558.25,Active,Ashok Joshi,REP000050,2025-04-26,2025-03-23
PLAN000272,INV0007061,CUST000707,Mahindra Agro Enterprises,2025-01-29,2025-04-29,62669.21,3,20889.74,0,62669.21,Canceled,Anil Mishra,REP000025,,
PLAN000273,INV0007073,CUST000708,Birla Agro Enterprises,2025-01-23,2025-03-23,86498.85,2,43249.43,2,-0.01,Completed,Amit Joshi,REP000042,,2025-03-27
PLAN000274,INV0007078,CUST000708,Birla Agro Enterprises,2025-03-29,2025-05-29,25940.95,2,12970.48,0,25940.95,Active,Anil Mishra,REP000025,2025-04-28,
PLAN000275,INV0007095,CUST000710,JSW Agro Enterprises,2025-01-27,2025-05-27,1240625.73,4,310156.43,2,620312.87,Active,Rahul Gupta,REP000006,2025-04-27,2025-04-01
PLAN000276,INV0007132,CUST000714,SBI Agro Enterprises,2025-03-14,2025-06-14,335882.46,3,111960.82,1,223921.64,Active,Vijay Mishra,REP000023,2025-05-14,2025-03-22
PLAN000277,INV0007144,CUST000715,TCS Agro Enterprises,2025-03-12,2025-06-12,277123.85,3,92374.62,0,277123.85,Canceled,Ashok Gupta,REP000010,,
PLAN000278,INV0007146,CUST000715,TCS Agro Enterprises,2025-03-02,2025-06-02,319681.42,3,106560.47,1,213120.95,Active,Rahul Joshi,REP000046,2025-05-02,2025-03-07
PLAN000279,INV0007193,CUST000720,Tech Agro Enterprises,2024-12-21,2025-03-21,548508.21,3,182836.07,0,548508.21,Defaulted,Vijay Joshi,REP000043,,
PLAN000280,INV0007204,CUST000721,Tata Resources Enterprises,2025-03-23,2025-06-23,484961.39,3,161653.80,0,484961.39,Active,Rani Gupta,REP000014,2025-04-22,
PLAN000281,INV0007212,CUST000722,Reliance Resources Enterprises,2024-12-26,2025-02-26,17601.55,2,8800.77,2,0.01,Completed,Geeta Mishra,REP000040,,2025-03-13
PLAN000282,INV0007213,CUST000722,Reliance Resources Enterprises,2025-02-08,2025-04-08,76152.24,2,38076.12,2,0.00,Completed,Pooja Mishra,REP000033,,2025-04-14
PLAN000283,INV0007272,CUST000728,Birla Resources Enterprises,2025-02-06,2025-09-06,1654006.39,7,236286.63,2,1181433.13,Active,Raj Joshi,REP000041,2025-05-07,2025-04-16
PLAN000284,INV0007273,CUST000728,Birla Resources Enterprises,2025-02-26,2025-07-26,660381.11,5,132076.22,1,528304.89,Active,Raj Gupta,REP000001,2025-04-27,2025-03-09
PLAN000285,INV0007283,CUST000729,Adani Resources Enterprises,2025-01-15,2025-04-15,108274.31,3,36091.44,3,-0.01,Completed,Meena Mishra,REP000037,,2025-03-26
PLAN000286,INV0007351,CUST000736,Bajaj Resources Enterprises,2025-02-11,2025-04-11,87781.56,2,43890.78,2,0.00,Completed,Amit Gupta,REP000002,,2025-03-13
PLAN000287,INV0007361,CUST000737,HCL Resources Enterprises,2025-02-24,2025-09-24,2053039.22,7,293291.32,1,1759747.90,Active,Shalini Mishra,REP000039,2025-04-25,2025-03-08
PLAN000288,INV0007384,CUST000739,Indian Resources Enterprises,2025-04-05,2025-07-05,52856.75,3,17618.92,0,52856.75,Active,Rakesh Joshi,REP000048,2025-05-05,
PLAN000289,INV0007422,CUST000743,Infosys Chemicals Enterprises,2025-01-12,2025-03-12,27315.61,2,13657.81,2,-0.01,Completed,Rahul Joshi,REP000046,,2025-03-07
PLAN000290,INV0007494,CUST000750,JSW Chemicals Enterprises,2025-01-15,2025-05-15,2108377.61,4,527094.40,3,527094.41,Active,Vijay Joshi,REP000043,2025-05-15,2025-04-15
PLAN000291,INV0007552,CUST000756,Bajaj Chemicals Enterprises,2025-04-08,2025-07-08,902234.73,3,300744.91,0,902234.73,Active,Shalini Gupta,REP000019,2025-05-08,
PLAN000292,INV0007571,CUST000758,Hindustan Chemicals Enterprises,2025-01-15,2025-03-15,22713.56,2,11356.78,2,0.00,Completed,Rajesh Joshi,REP000049,,2025-03-16
PLAN000293,INV0007611,CUST000762,Reliance Logistics Enterprises,2024-12-17,2025-05-17,588754.00,5,117750.80,4,117750.80,Active,Rahul Joshi,REP000046,2025-05-17,2025-02-16
PLAN000294,INV0007681,CUST000769,Adani Logistics Enterprises,2025-03-10,2025-05-10,77759.55,2,38879.78,1,38879.77,Active,Meena Mishra,REP000037,2025-05-10,2025-03-31
PLAN000295,INV0007712,CUST000772,L&T Logistics Enterprises,2025-04-08,2025-07-08,53655.04,3,17885.01,0,53655.04,Active,Kavita Gupta,REP000018,2025-05-08,
PLAN000296,INV0007727,CUST000773,ICICI Logistics Enterprises,2024-11-24,2025-01-24,182941.33,2,91470.66,0,182941.33,Defaulted,Vijay Joshi,REP000043,,
PLAN000297,INV0007793,CUST000780,Tech Logistics Enterprises,2025-01-09,2025-03-09,38725.61,2,19362.81,2,-0.01,Completed,Rahul Joshi,REP000046,,2025-03-28
PLAN000299,INV0007911,CUST000792,L&T Infrastructure Enterprises,2025-01-29,2025-04-29,449596.31,3,149865.44,2,149865.43,Active,Vijay Gupta,REP000003,2025-04-29,2025-03-13
PLAN000301,INV0007941,CUST000795,TCS Infrastructure Enterprises,2025-01-02,2025-04-02,311402.13,3,103800.71,3,0.00,Completed,Rakesh Gupta,REP000008,,2025-03-14
PLAN000302,INV0007942,CUST000795,TCS Infrastructure Enterprises,2025-01-29,2025-06-29,558281.01,5,111656.20,2,334968.61,Active,Anita Gupta,REP000016,2025-04-29,2025-02-19
PLAN000303,INV0008016,CUST000802,Reliance Tech Solutions,2024-12-21,2025-03-21,562994.25,3,187664.75,3,0.00,Completed,Rahul Gupta,REP000006,,2025-02-01
PLAN000304,INV0008025,CUST000803,Infosys Tech Solutions,2025-01-27,2025-03-27,22668.91,2,11334.45,2,0.01,Completed,Anil Mishra,REP000025,,2025-02-28
PLAN000305,INV0008076,CUST000808,Birla Tech Solutions,2024-11-18,2025-01-18,379357.13,2,189678.57,2,-0.01,Completed,Rahul Joshi,REP000046,,2025-02-06
PLAN000306,INV0008081,CUST000809,Adani Tech Solutions,2025-04-12,2025-06-12,59650.40,2,29825.20,0,59650.40,Active,Neha Mishra,REP000032,2025-05-12,
PLAN000307,INV0008085,CUST000809,Adani Tech Solutions,2025-01-24,2025-04-24,56707.47,3,18902.49,2,18902.49,Active,Neha Mishra,REP000032,2025-04-24,2025-02-19
PLAN000308,INV0008086,CUST000809,Adani Tech Solutions,2025-02-27,2025-05-27,106383.27,3,35461.09,1,70922.18,Active,Neha Mishra,REP000032,2025-04-27,2025-03-30
PLAN000309,INV0008092,CUST000810,JSW Tech Solutions,2025-01-22,2025-07-22,1896192.46,6,316032.08,2,1264128.30,Active,Ashok Mishra,REP000030,2025-04-22,2025-02-23
PLAN000310,INV0008124,CUST000813,ICICI Tech Solutions,2025-01-02,2025-04-02,492777.19,3,164259.06,0,492777.19,Defaulted,Ashok Gupta,REP000010,,
PLAN000311,INV0008131,CUST000814,SBI Tech Solutions,2025-04-07,2025-09-07,554953.26,5,110990.65,0,554953.26,Active,Anil Gupta,REP000005,2025-05-07,
PLAN000313,INV0008252,CUST000826,Wipro Info Solutions,2025-04-17,2025-07-17,95654.65,3,31884.88,0,95654.65,Active,Anil Mishra,REP000025,2025-05-17,
PLAN000314,INV0008304,CUST000831,Godrej Info Solutions,2025-03-27,2025-07-27,596825.38,4,149206.35,0,596825.38,Active,Raj Joshi,REP000041,2025-04-26,
PLAN000315,INV0008315,CUST000832,L&T Info Solutions,2025-02-28,2025-04-28,64388.13,2,32194.06,1,32194.07,Active,Shalini Gupta,REP000019,2025-04-28,2025-03-02
PLAN000316,INV0008327,CUST000833,ICICI Info Solutions,2025-03-15,2025-07-15,602538.00,4,150634.50,1,451903.50,Active,Raj Joshi,REP000041,2025-05-15,2025-03-15
PLAN000317,INV0008358,CUST000836,Bajaj Info Solutions,2025-04-05,2025-08-05,1432097.39,4,358024.35,0,1432097.39,Active,Priya Mishra,REP000031,2025-05-05,
PLAN000319,INV0008376,CUST000838,Hindustan Info Solutions,2025-04-09,2025-06-09,53151.30,2,26575.65,0,53151.30,Canceled,Sunil Gupta,REP000004,,
PLAN000320,INV0008394,CUST000840,Tech Info Solutions,2025-02-18,2025-05-18,73248.55,3,24416.18,1,48832.37,Active,Amit Mishra,REP000022,2025-04-18,2025-04-03
PLAN000321,INV0008475,CUST000848,Birla Auto Solutions,2025-04-01,2025-06-01,116533.27,2,58266.64,0,116533.27,Active,Rajesh Gupta,REP000009,2025-05-01,
PLAN000322,INV0008531,CUST000854,SBI Auto Solutions,2025-02-07,2025-05-07,65368.76,3,21789.59,2,21789.58,Active,Pooja Gupta,REP000013,2025-05-07,2025-03-19
PLAN000323,INV0008555,CUST000856,Bajaj Auto Solutions,2025-04-05,2025-10-05,1585829.81,6,264304.97,0,1585829.81,Active,Ashok Gupta,REP000010,2025-05-05,
PLAN000325,INV0008603,CUST000861,Tata Fin Solutions,2025-03-25,2025-05-25,83295.28,2,41647.64,0,83295.28,Active,Kavita Gupta,REP000018,2025-04-24,
PLAN000326,INV0008638,CUST000864,Bharti Fin Solutions,2025-04-12,2025-07-12,146164.75,3,48721.58,0,146164.75,Active,Kavita Mishra,REP000038,2025-05-12,
PLAN000327,INV0008651,CUST000866,Wipro Fin Solutions,2025-02-06,2025-07-06,541656.21,5,108331.24,2,324993.73,Active,Meena Gupta,REP000017,2025-05-07,2025-03-02
PLAN000328,INV0008661,CUST000867,Mahindra Fin Solutions,2025-01-30,2025-04-30,109427.20,3,36475.73,2,36475.74,Active,Rajesh Mishra,REP000029,2025-04-30,2025-02-26
PLAN000329,INV0008671,CUST000868,Birla Fin Solutions,2025-02-23,2025-08-23,1031490.64,6,171915.11,1,859575.53,Active,Geeta Mishra,REP000040,2025-04-24,2025-03-29
PLAN000330,INV0008677,CUST000868,Birla Fin Solutions,2025-02-26,2025-07-26,1334658.51,5,266931.70,1,1067726.81,Active,Sunil Joshi,REP000044,2025-04-27,2025-03-28
PLAN000331,INV0008723,CUST000873,ICICI Fin Solutions,2024-11-08,2025-02-08,89360.99,3,29787.00,3,-0.01,Completed,Rajesh Mishra,REP000029,,2025-03-31
PLAN000332,INV0008763,CUST000877,HCL Fin Solutions,2025-01-20,2025-04-20,918304.84,3,306101.61,2,306101.62,Active,Sunil Joshi,REP000044,2025-04-20,2025-04-06
PLAN000333,INV0008774,CUST000878,Hindustan Fin Solutions,2025-03-13,2025-06-13,67009.05,3,22336.35,1,44672.70,Active,Kavita Gupta,REP000018,2025-05-13,2025-03-22
PLAN000334,INV0008775,CUST000878,Hindustan Fin Solutions,2025-01-07,2025-04-07,96706.38,3,32235.46,3,0.00,Completed,Sanjay Mishra,REP000027,,2025-01-17
PLAN000335,INV0008797,CUST000880,Tech Fin Solutions,2025-03-20,2025-05-20,269438.12,2,134719.06,0,269438.12,Active,Anita Mishra,REP000036,2025-04-19,
PLAN000336,INV0008813,CUST000882,Reliance Power Solutions,2025-04-11,2025-09-11,1976758.55,5,395351.71,0,1976758.55,Active,Sunita Mishra,REP000035,2025-05-11,
PLAN000337,INV0008814,CUST000882,Reliance Power Solutions,2024-12-11,2025-06-11,1369297.96,6,228216.33,4,456432.64,Active,Priya Gupta,REP000011,2025-05-11,2025-01-29
PLAN000338,INV0008841,CUST000885,HDFC Power Solutions,2025-01-08,2025-03-08,471527.32,2,235763.66,2,0.00,Completed,Raj Gupta,REP000001,,2025-01-27
PLAN000339,INV0008843,CUST000885,HDFC Power Solutions,2025-04-17,2025-06-17,495944.98,2,247972.49,0,495944.98,Active,Rajesh Joshi,REP000049,2025-05-17,
PLAN000340,INV0008853,CUST000886,Wipro Power Solutions,2025-01-13,2025-07-13,1494974.83,6,249162.47,3,747487.42,Active,Rakesh Mishra,REP000028,2025-05-13,2025-04-06
PLAN000341,INV0008922,CUST000893,ICICI Power Solutions,2025-04-17,2025-09-17,502706.04,5,100541.21,0,502706.04,Active,Rajesh Mishra,REP000029,2025-05-17,
PLAN000342,INV0009022,CUST000903,Infosys Steel Solutions,2025-03-23,2025-05-23,100207.69,2,50103.85,0,100207.69,Active,Ashok Joshi,REP000050,2025-04-22,
PLAN000343,INV0009055,CUST000906,Wipro Steel Solutions,2025-02-18,2025-06-18,1634412.51,4,408603.13,1,1225809.38,Active,Sunita Gupta,REP000015,2025-04-19,2025-04-07
PLAN000344,INV0009084,CUST000909,Adani Steel Solutions,2025-01-29,2025-04-29,245255.99,3,81752.00,2,81751.99,Active,Raj Gupta,REP000001,2025-04-29,2025-04-04
PLAN000345,INV0009121,CUST000913,ICICI Steel Solutions,2025-03-15,2025-05-15,51073.37,2,25536.69,1,25536.68,Active,Sanjay Mishra,REP000027,2025-05-15,2025-03-28
PLAN000346,INV0009152,CUST000916,Bajaj Steel Solutions,2024-12-06,2025-02-06,213954.03,2,106977.01,2,0.01,Completed,Amit Joshi,REP000042,,2025-03-05
PLAN000347,INV0009153,CUST000916,Bajaj Steel Solutions,2025-02-13,2025-04-13,266029.51,2,133014.76,2,-0.01,Completed,Ashok Gupta,REP000010,,2025-03-04
PLAN000348,INV0009232,CUST000924,Bharti Textiles Solutions,2025-04-15,2025-06-15,12193.32,2,6096.66,0,12193.32,Active,Amit Gupta,REP000002,2025-05-15,
PLAN000350,INV0009261,CUST000927,Mahindra Textiles Solutions,2024-12-22,2025-04-22,1352574.09,4,338143.52,3,338143.53,Active,Amit Gupta,REP000002,2025-04-22,2025-02-19
PLAN000352,INV0009271,CUST000928,Birla Textiles Solutions,2025-01-06,2025-04-06,187372.30,3,62457.43,3,0.01,Completed,Rahul Mishra,REP000026,,2025-01-25
PLAN000353,INV0009292,CUST000930,JSW Textiles Solutions,2025-03-25,2025-10-25,1314737.83,7,187819.69,0,1314737.83,Active,Vijay Mishra,REP000023,2025-04-24,
PLAN000355,INV0009324,CUST000933,ICICI Textiles Solutions,2025-02-27,2025-07-27,1090465.17,5,218093.03,1,872372.14,Active,Shalini Gupta,REP000019,2025-04-28,2025-03-28
PLAN000356,INV0009331,CUST000934,SBI Textiles Solutions,2025-02-16,2025-05-16,303101.09,3,101033.70,2,101033.69,Active,Raj Joshi,REP000041,2025-05-16,2025-04-04
PLAN000357,INV0009334,CUST000934,SBI Textiles Solutions,2024-12-29,2025-03-29,489655.50,3,163218.50,3,0.00,Completed,Vijay Joshi,REP000043,,2025-04-13
PLAN000358,INV0009352,CUST000936,Bajaj Textiles Solutions,2025-01-25,2025-03-25,225781.35,2,112890.68,2,-0.01,Completed,Sunita Gupta,REP000015,,2025-02-05
PLAN000359,INV0009353,CUST000936,Bajaj Textiles Solutions,2025-04-01,2025-07-01,260348.60,3,86782.87,0,260348.60,Active,Anil Joshi,REP000045,2025-05-01,
PLAN000362,INV0009414,CUST000942,Reliance Pharma Solutions,2025-01-04,2025-03-04,198070.25,2,99035.13,2,-0.01,Completed,Anita Gupta,REP000016,,2025-01-23
PLAN000364,INV0009421,CUST000943,Infosys Pharma Solutions,2025-01-28,2025-05-28,550766.98,4,137691.74,2,275383.50,Active,Raj Gupta,REP000001,2025-04-28,2025-02-02
PLAN000365,INV0009455,CUST000946,Wipro Pharma Solutions,2025-01-28,2025-04-28,485243.39,3,161747.80,2,161747.79,Active,Rahul Joshi,REP000046,2025-04-28,2025-02-08
PLAN000366,INV0009484,CUST000949,Adani Pharma Solutions,2024-12-17,2025-03-17,87966.46,3,29322.15,3,0.01,Completed,Sanjay Joshi,REP000047,,2025-03-29
PLAN000367,INV0009491,CUST000950,JSW Pharma Solutions,2025-01-02,2025-07-02,5161231.81,6,860205.30,3,2580615.91,Active,Vijay Joshi,REP000043,2025-05-02,2025-01-18
PLAN000369,INV0009508,CUST000951,Godrej Pharma Solutions,2024-12-31,2025-05-01,890756.19,4,222689.05,3,222689.04,Active,Rahul Mishra,REP000026,2025-05-01,2025-02-16
PLAN000370,INV0009563,CUST000957,HCL Pharma Solutions,2025-02-27,2025-05-27,130888.50,3,43629.50,1,87259.00,Active,Rajesh Mishra,REP000029,2025-04-27,2025-04-17
PLAN000371,INV0009576,CUST000958,Hindustan Pharma Solutions,2025-01-06,2025-05-06,569907.46,4,142476.86,3,142476.88,Active,Anita Mishra,REP000036,2025-05-06,2025-02-26
PLAN000372,INV0009578,CUST000958,Hindustan Pharma Solutions,2025-04-17,2025-06-17,388194.74,2,194097.37,0,388194.74,Active,Geeta Mishra,REP000040,2025-05-17,
PLAN000373,INV0009613,CUST000962,Reliance Healthcare Solutions,2025-03-11,2025-05-11,50096.78,2,25048.39,1,25048.39,Active,Rajesh Gupta,REP000009,2025-05-11,2025-04-12
PLAN000375,INV0009646,CUST000965,HDFC Healthcare Solutions,2024-11-13,2025-01-13,151878.53,2,75939.26,2,0.01,Completed,Rahul Mishra,REP000026,,2025-03-30
PLAN000377,INV0009693,CUST000970,JSW Healthcare Solutions,2025-01-18,2025-03-18,68932.32,2,34466.16,2,0.00,Completed,Anil Joshi,REP000045,,2025-02-01
PLAN000378,INV0009712,CUST000972,L&T Healthcare Solutions,2025-03-15,2025-06-15,442300.07,3,147433.36,0,442300.07,Canceled,Pooja Gupta,REP000013,,
PLAN000379,INV0009714,CUST000972,L&T Healthcare Solutions,2025-01-14,2025-04-14,361181.26,3,120393.75,3,0.01,Completed,Kavita Gupta,REP000018,,2025-02-23
PLAN000380,INV0009716,CUST000972,L&T Healthcare Solutions,2025-02-06,2025-04-06,105600.36,2,52800.18,2,0.00,Completed,Pooja Mishra,REP000033,,2025-04-07
PLAN000381,INV0009721,CUST000973,ICICI Healthcare Solutions,2025-01-24,2025-03-24,81863.98,2,40931.99,2,0.00,Completed,Vijay Mishra,REP000023,,2025-03-30
PLAN000382,INV0009764,CUST000977,HCL Healthcare Solutions,2025-01-13,2025-04-13,27296.39,3,9098.80,3,-0.01,Completed,Sanjay Gupta,REP000007,,2025-01-29
PLAN000383,INV0009766,CUST000977,HCL Healthcare Solutions,2025-01-18,2025-03-18,39760.67,2,19880.33,0,39760.67,Defaulted,Ashok Mishra,REP000030,,
PLAN000385,INV0009794,CUST000980,Tech Healthcare Solutions,2024-12-30,2025-03-30,296038.34,3,98679.45,3,-0.01,Completed,Kavita Mishra,REP000038,,2025-01-19
PLAN000386,INV0009801,CUST000981,Tata Retail Solutions,2025-03-04,2025-05-04,333126.51,2,166563.26,1,166563.25,Active,Pooja Mishra,REP000033,2025-05-04,2025-03-05
PLAN000387,INV0009821,CUST000983,Infosys Retail Solutions,2025-01-10,2025-07-10,1991008.53,6,331834.76,3,995504.25,Active,Rakesh Mishra,REP000028,2025-05-10,2025-04-08
PLAN000388,INV0009833,CUST000984,Bharti Retail Solutions,2025-02-14,2025-05-14,222238.05,3,74079.35,2,74079.35,Active,Amit Joshi,REP000042,2025-05-14,2025-04-04
PLAN000389,INV0009861,CUST000987,Mahindra Retail Solutions,2025-03-19,2025-06-19,87971.60,3,29323.87,0,87971.60,Active,Ashok Gupta,REP000010,2025-04-18,
PLAN000390,INV0009864,CUST000987,Mahindra Retail Solutions,2025-01-16,2025-04-16,49827.79,3,16609.26,3,0.01,Completed,Raj Gupta,REP000001,,2025-04-02
PLAN000391,INV0009903,CUST000991,Godrej Retail Solutions,2025-02-22,2025-04-22,482538.59,2,241269.30,1,241269.29,Active,Shalini Mishra,REP000039,2025-04-22,2025-04-10
PLAN000392,INV0009953,CUST000996,Bajaj Retail Solutions,2025-02-16,2025-05-16,182262.13,3,60754.04,2,60754.05,Active,Rani Gupta,REP000014,2025-05-16,2025-03-06
PLAN000393,INV0009961,CUST000997,HCL Retail Solutions,2025-01-16,2025-04-16,99334.24,3,33111.41,3,0.01,Completed,Priya Gupta,REP000011,,2025-03-31
PLAN000394,INV0009993,CUST001000,Tech Retail Solutions,2025-03-29,2025-06-29,455046.63,3,151682.21,0,455046.63,Active,Anil Mishra,REP000025,2025-04-28,
